{
    "1": {
        "a": [
            0.7668528835789022
        ],
        "b": [
            -1.2133802019193307
        ],
        "val": 0.10212757629121039
    },
    "2": {
        "a": [
            0.5878914759562834,
            0.3372445095012198
        ],
        "b": [
            -1.8331331507386575,
            1.6381658862081823
        ],
        "val": 0.02214270665701607
    },
    "3": {
        "a": [
            0.5254835938633943,
            0.2851056573799464,
            0.15828268159824688
        ],
        "b": [
            -2.1269171335485746,
            0.8182364198816007,
            3.415186400810442
        ],
        "val": 0.006498952922730851
    },
    "4": {
        "a": [
            0.4907469576593386,
            0.2598879711870881,
            0.1570479466320433,
            0.07754765813876653
        ],
        "b": [
            -2.3125973733198046,
            0.44020039513443054,
            2.397126462877634,
            4.905637297574105
        ],
        "val": 0.002274340302950178
    },
    "5": {
        "a": [
            0.46694993074339425,
            0.24538116280713262,
            0.15259564247816376,
            0.08684536246144804,
            0.040564023234369244
        ],
        "b": [
            -2.4488188789705387,
            0.20538479813294416,
            1.8922868016567727,
            3.7189218017238814,
            6.2171201351081375
        ],
        "val": 0.0008973796451664238
    },
    "6": {
        "a": [
            0.4490098720598976,
            0.23615905787764976,
            0.14762520288516515,
            0.09137088344780164,
            0.04909936508271555,
            0.022494837646313916
        ],
        "b": [
            -2.5561826011969266,
            0.038395016033521016,
            1.575718151053271,
            3.0972280755026564,
            4.903331046026687,
            7.400457478714695
        ],
        "val": 0.0003862456548946563
    },
    "7": {
        "a": [
            0.43472508298394535,
            0.22979793750674052,
            0.14328496725265086,
            0.09300498175868674,
            0.05491381651802175,
            0.02873005468464494,
            0.013079063673955263
        ],
        "b": [
            -2.6444937650411893,
            -0.08987418493409052,
            1.3535601175394307,
            2.695878357699069,
            4.186241911804022,
            5.989177662265363,
            8.48623722418793
        ],
        "val": 0.00017771693622298782
    },
    "8": {
        "a": [
            0.4229199609660367,
            0.22511099637630388,
            0.13975185848636484,
            0.09320690273196164,
            0.058625210038262314,
            0.03359961016808446,
            0.017395220203780818,
            0.007901848430016983
        ],
        "b": [
            -2.7193593151178876,
            -0.19350080079811074,
            1.1862434023810007,
            2.409880179945065,
            3.7104281149399885,
            5.194917941465376,
            6.997395063872242,
            9.494471473188723
        ],
        "val": 8.62495143952623e-05
    },
    "9": {
        "a": [
            0.41289706197636805,
            0.22147194970281564,
            0.13693457125641417,
            0.09273024413892683,
            0.060961429676610106,
            0.03724131853565477,
            0.021052371971955273,
            0.01085562411051159,
            0.004927376985046329
        ],
        "b": [
            -2.7842696552511157,
            -0.2802203613644368,
            1.0538763064639787,
            2.1932280321656195,
            3.3647266785581373,
            4.656276155590467,
            6.13967955399757,
            7.942104210509466,
            10.439192925693172
        ],
        "val": 4.373590509141665e-05
    },
    "10": {
        "a": [
            0.404212772736321,
            0.21852800190322821,
            0.13469225765102472,
            0.09196134048921352,
            0.06239632850802754,
            0.03996818533767275,
            0.02403205862819769,
            0.013506044534666611,
            0.006953483838766934,
            0.0031552621267920177
        ],
        "b": [
            -2.8415238477464504,
            -0.35467159752063504,
            0.9453145165747204,
            2.0219693720056964,
            3.0992777152043756,
            4.258358858504386,
            5.547984440589573,
            7.031196062949134,
            8.833622111663152,
            11.330716577559155
        ],
        "val": 2.3011133133893098e-05
    },
    "11": {
        "a": [
            0.3965689185474249,
            0.21606843222233812,
            0.1328965130752616,
            0.09109793273778916,
            0.06323726579654466,
            0.04201238519284151,
            0.0264613461765327,
            0.01579236348226368,
            0.00885351107215614,
            0.004555280942159946,
            0.0020667937373569046
        ],
        "b": [
            -2.8927094183690154,
            -0.41983170551950255,
            0.8538097906956618,
            1.882233073307674,
            2.8875418047950543,
            3.9488154012389076,
            5.104953146627418,
            6.394172926141139,
            7.877356028660055,
            9.67978691552437,
            12.176883881861881
        ],
        "val": 1.249516983802485e-05
    },
    "12": {
        "a": [
            0.38975556007871714,
            0.2139606104071831,
            0.13144429454873371,
            0.09023949312082033,
            0.06368619817177187,
            0.04354378250018012,
            0.028445947156416306,
            0.01776040540988012,
            0.010563867908860275,
            0.005916071444367779,
            0.0030431104206976194,
            0.0013806334777544428
        ],
        "b": [
            -2.9389692653712554,
            -0.47772077470368945,
            0.775020023422868,
            1.7653653469198796,
            2.7138183824406847,
            3.6993565495307847,
            4.756510673910877,
            5.9119531328686,
            7.201090947784078,
            8.684272911865788,
            10.486706728536548,
            12.983804780294872
        ],
        "val": 6.973340097302851e-06
    },
    "13": {
        "a": [
            0.3836194347163779,
            0.21211723011607767,
            0.1302565773145702,
            0.08943355377135091,
            0.06387738787561437,
            0.0446877168397247,
            0.030070217395691937,
            0.019454900392548068,
            0.012095460285897901,
            0.007183398389701111,
            0.0040210441027602505,
            0.002068106477137308,
            0.0009382624688240211
        ],
        "b": [
            -2.98115357388016,
            -0.5297703427718381,
            0.7060147069228746,
            1.6656631626950291,
            2.5681202296944536,
            3.4930168219365942,
            4.473126785870965,
            5.529222851391233,
            6.684503109523135,
            7.973626760310924,
            9.456810742688088,
            11.259246036847875,
            13.756344569164982
        ],
        "val": 3.986466388830354e-06
    },
    "14": {
        "a": [
            0.37804531696509874,
            0.21047855662030143,
            0.12927370912046773,
            0.08870007202067436,
            0.06390091554329333,
            0.04553754899157423,
            0.031401438238333225,
            0.020915084655956543,
            0.013464213228909505,
            0.008354097224780716,
            0.004957955436192695,
            0.0027747264676738284,
            0.0014270250376550633,
            0.0006474092299080424
        ],