{
    "1": {
        "a": [
            0.78940948098391
        ],
        "b": [
            -0.42405830714849235
        ],
        "val": 0.09318216759575491
    },
    "2": {
        "a": [
            0.5556376890491178,
            0.37212521058368014
        ],
        "b": [
            -0.9294315012868231,
            1.7249895671189914
        ],
        "val": 0.021220577390973487
    },
    "3": {
        "a": [
            0.46382853553423226,
            0.3450176159775667,
            0.16069205647343546
        ],
        "b": [
            -1.1378970776053352,
            0.9245618037293265,
            3.4567554517486974
        ],
        "val": 0.006321225710585453
    },
    "4": {
        "a": [
            0.41172739052316243,
            0.3284514986665149,
            0.1682115349265615,
            0.07706961858846959
        ],
        "b": [
            -1.261610323336253,
            0.5617635275065417,
            2.434148840293958,
            4.93613989889193
        ],
        "val": 0.002227081243579859
    },
    "5": {
        "a": [
            0.37623681592434083,
            0.31726884990557425,
            0.17059712733080623,
            0.08816985747152797,
            0.04015997175715895
        ],
        "b": [
            -1.3487780051820024,
            0.34107898107365214,
            1.9296884092987394,
            3.7444650547841216,
            6.242200206505808
        ],
        "val": 0.0008818978364383255
    },
    "6": {
        "a": [
            0.3496769360960232,
            0.3093645655165845,
            0.17061414343453815,
            0.09486245247813864,
            0.04901676817342859,
            0.022270173804571292
        ],
        "b": [
            -1.415686665990507,
            0.18694998515072017,
            1.615096544905734,
            3.120433103324756,
            4.924921367313396,
            7.422099337186153
        ],
        "val": 0.0003804502087453458
    },
    "7": {
        "a": [
            0.32867228852702285,
            0.30342885965741945,
            0.1699455191408855,
            0.09863044870948823,
            0.05537907684946191,
            0.028545847281761624,
            0.01295745850170715
        ],
        "b": [
            -1.469695988473446,
            0.07033520484627194,
            1.3954204546335185,
            2.7180606100924285,
            4.205560089186125,
            6.008344879820504,
            8.50545061983443
        ],
        "val": 0.00017533186797193305
    },
    "8": {
        "a": [
            0.31142663599472586,
            0.29871341159470366,
            0.16920373235370736,
            0.10076999484775823,
            0.0597739495508364,
            0.03353797422428737,
            0.017264683958479733,
            0.007834131186397789
        ],
        "b": [
            -1.514824568830097,
            -0.022668816741877318,
            1.2307498132772072,
            2.431757874538788,
            3.728245866793429,
            5.212285372018783,
            7.014781136020989,
            9.511878930704883
        ],
        "val": 8.519388379676988e-05
    },
    "9": {
        "a": [
            0.2968767374847801,
            0.2947886556731573,
            0.16858727835544984,
            0.10199713678965969,
            0.06285283886902622,
            0.03737311031134405,
            0.020941342756888578,
            0.010773982963093407,
            0.004888267865467651
        ],
        "b": [
            -1.5534982832805628,
            -0.09963697004526388,
            1.1010622727884019,
            2.215215246604102,
            3.3815547574187357,
            4.672302194410412,
            6.155662389551575,
            7.958108131916344,
            10.45520592490324
        ],
        "val": 4.324073650546553e-05
    },
    "10": {
        "a": [
            0.2843471756077667,
            0.2914010324056681,
            0.1681390984052873,
            0.10271173050303672,
            0.06503921734722247,
            0.04034640444903308,
            0.023969606888686577,
            0.013420841596599623,
            0.006903156125109949,
            0.0031318849358632104
        ],
        "b": [
            -1.5872806494753708,
            -0.1650775846600699,
            0.9951549271418427,
            2.0443149231668247,
            3.115464230270816,
            4.273369969558845,
            5.562862290328736,
            7.046084856601177,
            8.848522261175134,
            11.345620589614098
        ],
        "val": 2.2767545918724208e-05
    },
    "11": {
        "a": [
            0.2733842573456002,
            0.28839528562332,
            0.16784747776632122,
            0.10314127135381682,
            0.06661079788852724,
            0.04267306239173088,
            0.026473750145582186,
            0.015715267075564376,
            0.008796018782019832,
            0.004523876427050041,
            0.002052393089543769
        ],
        "b": [
            -1.6172337067542728,
            -0.22186420922730885,
            0.9062498230203412,
            1.9050893787148446,
            2.903326917311188,
            3.9630487299332158,
            5.118941687959298,
            6.40815211140508,
            7.891346217495632,
            9.693782533699848,
            12.190881184663247
        ],
        "val": 1.2370477764986588e-05
    },
    "12": {
        "a": [
            0.2636690274582762,
            0.2856725392142221,
            0.167685066389266,
            0.1034168282623879,
            0.06775390077992702,
            0.044508697874624234,
            0.02855557414463625,
            0.017703001486053648,
            0.010504079785242737,
            0.00587830685812031,
            0.003023140275777427,
            0.0013715278564251812
        ],
        "b": [
            -1.6441109451281415,
            -0.2719319683829878,
            0.8299914415048824,
            1.788828733621633,
            2.7293725574638463,
            3.712990071610785,
            4.76977296393142,
            5.925176119260454,
            7.214321410813641,
            8.697509720330778,
            10.499946080877292,
            12.997044890110809
        ],
        "val": 6.907308806558864e-06
    },
    "13": {
        "a": [
            0.2549688687566076,
            0.28316735327536463,
            0.16762336903472502,
            0.10361421476938405,
            0.06859600136185778,
            0.045967590439106275,
            0.030295188485737017,
            0.01942820622284653,
            0.012038455725513876,
            0.007141422285336787,
            0.003996198991131565,
            0.002055156943858988,
            0.0009323732652639935
        ],
        "b": [
            -1.6684662365900662,
            -0.31664285840451634,
            0.7634433800394838,
            1.6897948676032915,
            2.5835663645053097,
            3.5061860062105423,
            4.485788736693548,
            5.5418069956303055,
            6.697087670705242,
            7.986217659873723,
            9.469404911702414,
            11.271841408289164,
            13.7689402916863
        ],
        "val": 3.950458081261111e-06
    },
    "14": {
        "a": [
            0.2471092348589506,
            0.28083488072090673,
            0.1676375197633876,
            0.10377697771007041,
            0.06922560799141111,
            0.0471349240202796,
            0.031755736300258144,
            0.02092917714472732,
            0.013415116587693548,
            0.00831020257728185,
            0.004929224519005484,
            0.0027582035035475182,
            0.001418471106826367,
            0.0006435238257837004
        ],