{
    "1": {
        "a": [
            0.9657407836679021
        ],
        "b": [
            -0.5708600108914813
        ],
        "val": 0.032169521006290946
    },
    "2": {
        "a": [
            0.6914999210643734,
            0.30622541813619786
        ],
        "b": [
            -0.8960995015114108,
            0.4610980183961736
        ],
        "val": 0.0018265443865686148
    },
    "3": {
        "a": [
            0.5432370539303204,
            0.4101715067214012,
            0.04636636851059675
        ],
        "b": [
            -1.0423699454591233,
            0.062299701770403663,
            1.4014137024347644
        ],
        "val": 0.00015610406137348988
    },
    "4": {
        "a": [
            0.45188026851752766,
            0.45204517563343827,
            0.08909632243741092,
            0.0069480125956426575
        ],
        "b": [
            -1.1335775651176392,
            -0.1391855130022693,
            0.9281852204536588,
            2.220778830515238
        ],
        "val": 1.832455899854419e-05
    },
    "5": {
        "a": [
            0.3891004973249856,
            0.46997592464912813,
            0.12305499388818904,
            0.016651552137837717,
            0.0012119557892134778
        ],
        "b": [
            -1.1987584061036234,
            -0.26951389345477644,
            0.6784337893769461,
            1.6848742908471885,
            2.942330965466913
        ],
        "val": 2.718328465151676e-06
    },
    "6": {
        "a": [
            0.34289868577481697,
            0.47650970889690986,
            0.15038879208722106,
            0.026544265460078542,
            0.0034122026000477875,
            0.00024533562660626493
        ],
        "b": [
            -1.248976938895765,
            -0.3642144782382007,
            0.5141708886278867,
            1.3940912632841107,
            2.35238411026283,
            3.591687199241595
        ],
        "val": 4.814480342328571e-07
    }
}