{
  "1": {
    "a": [
      0.6374492567170211
    ],
    "b": [
      -0.9195893909856522
    ],
    "val": 0.10728983871202576
  },
  "2": {
    "a": [
      0.48036330188843995,
      0.3495266851794805
    ],
    "b": [
      -1.4741900860016681,
      2.191726170914551
    ],
    "val": 0.03059168599571053
  },
  "3": {
    "a": [
      0.42279728239446795,
      0.2727512452194873,
      0.21043383048025452
    ],
    "b": [
      -1.7383201390740126,
      1.2038792729903882,
      4.299411308917609
    ],
    "val": 0.011166292976812698
  },
  "4": {
    "a": [
      0.3911286121931751,
      0.23998443595387456,
      0.1803794864069775,
      0.1319453586480662
    ],
    "b": [
      -1.901013080853453,
      0.7555950120961586,
      3.0383685947554535,
      6.05133379198765
    ],
    "val": 0.00468010260591837
  },
  "5": {
    "a": [
      0.3698489588389449,
      0.22181803471723768,
      0.1637211460067082,
      0.12256408964049144,
      0.08597521645845688
    ],
    "b": [
      -2.0172264975818464,
      0.486139093698234,
      2.4115055615481604,
      4.597513291037982,
      7.5814328919761875
    ],
    "val": 0.002158970941835292
  },
  "6": {
    "a": [
      0.3538736061931956,
      0.21051785284410343,
      0.15192107572143293,
      0.11709561677293123,
      0.08462927781556022,
      0.05794571965582536
    ],
    "b": [
      -2.1077715757128956,
      0.2988532494475934,
      2.0201866391181174,
      3.826999727758734,
      5.986396568473265,
      8.955138842487607
    ],
    "val": 0.001068820404519471
  },
  "7": {
    "a": [
      0.34113174176465283,
      0.20292107167750734,
      0.14313006179594656,
      0.11222012134328864,
      0.08437859117976329,
      0.05952125635392079,
      0.04017083995500384
    ],
    "b": [
      -2.181827272406137,
      0.15739436537832133,
      1.7473742950596796,
      3.3270050991156173,
      5.105907846051349,
      7.252373831625032,
      10.212090417006744
    ],
    "val": 0.0005586803281931401
  },
  "8": {
    "a": [
      0.3305787971838006,
      0.19750515617396336,
      0.1364102965538844,
      0.10782356061405052,
      0.08350504494083029,
      0.06136411868199564,
      0.04262862308451411,
      0.028510722890403017
    ],
    "b": [
      -2.244304861274479,
      0.04473672249301082,
      1.543813921961345,
      2.9699697017018583,
      4.518138033392933,
      6.2851375409328725,
      8.423847712435556,
      11.377860915150414
    ],
    "val": 0.0003049985745879
  },
  "9": {
    "a": [
      0.32160204636792117,
      0.19345712653297623,
      0.1311766991482131,
      0.10390664580438576,
      0.08222373966697011,
      0.06238619964329843,
      0.04513577580785007,
      0.03104576006276844,
      0.02064114462713649
    ],
    "b": [
      -2.298222889697995,
      -0.04838336267624101,
      1.3845420197101306,
      2.699601419344731,
      4.089292787474176,
      5.625767258723649,
      7.385791105045787,
      9.519477123563812,
      12.469726015789668
    ],
    "val": 0.0001725792324983679
  },
  "10": {
    "a": [
      0.3138098354668069,
      0.19031119984800943,
      0.1270361592933741,
      0.10044708032637648,
      0.08073806163127471,
      0.06279840931466846,
      0.04691998343893532,
      0.03359417071259989,
      0.02295419873039045,
      0.01520018363295728
    ],
    "b": [
      -2.3455798178701337,
      -0.12750457110769478,
      1.2554181553625101,
      2.4863451468821345,
      3.759055372634221,
      5.136632195123897,
      6.666630999259567,
      8.422087693802977,
      10.552384285855458,
      13.500069961698497
    ],
    "val": 0.00010064523664325227
  },
  "11": {
    "a": [
      0.30693754578376264,
      0.18778567094513574,
      0.12371431972594428,
      0.09740518339728677,
      0.07917600877586715,
      0.06280049981768543,
      0.04812878307723325,
      0.035577588439494594,
      0.025292274244604663,
      0.017202730029425316,
      0.011359778848596219
    ],
    "b": [
      -2.3877621776721267,
      -0.19616395771201298,
      1.1478054630089396,
      2.3129414488623534,
      3.4951527084363474,
      4.754814579771461,
      6.126193817379824,
      7.651969453610485,
      9.404292146860179,
      11.532234996906753,
      14.478130309775104
    ],
    "val": 6.0234843483019704e-05
  },
  "12": {
    "a": [
      0.3007991390742579,
      0.1857024881439135,
      0.12101520998742805,
      0.09473509380601396,
      0.07761315941907836,
      0.06253175966732555,
      0.04891426198089788,
      0.037086324331391286,
      0.02721122043637712,
      0.01924819134343496,
      0.013049498136542463,
      0.008600080512487578
    ],
    "b": [
      -2.4257646791885974,
      -0.2567345533520051,
      1.0561300449194682,
      2.16855599840335,
      3.2784151436028695,
      4.446227713360706,
      5.69977643603078,
      7.067194489559641,
      8.59004059729379,
      10.340150896954365,
      12.46642146659899,
      15.411039640979894
    ],
    "val": 3.6871383558070145e-05
  },
  "13": {
    "a": [
      0.2952592689910258,
      0.18394468730282632,
      0.11879632047763476,
      0.0923912809973463,
      0.07609288410251722,
      0.062086134348511575,
      0.049390114176550065,
      0.03822569366286138,
      0.028761145594658852,
      0.020991163903885977,
      0.014795302356162545,
      0.010007232483945219,
      0.0065856209369617325
    ],
    "b": [
      -2.460322718226488,
      -0.3108760007394851,
      0.9766315161973491,
      2.0460111899365296,
      3.096604967241962,
      4.190381088334007,
      5.351990491560134,
      6.601768632765528,
      7.966428520024658,
      9.487178829739898,
      11.235693805665235,
      13.360753444378592,
      16.304443962012144
    ],
    "val": 2.3022120918776613e-05
  },
  "14": {
    "a": [
      0.29021662141301563,
      0.18243280748775859,
      0.11695246343345149,
      0.0903316096597743,
      0.07463912575618364,
      0.06152718466676841,
      0.049638307499756874,
      0.03907927070054344,
      0.030011369575434703,
      0.022456083484514104,
      0.01632648916110288,
      0.011477446462615098,
      0.0077498223798689175,
      0.005094641655059024
    ],
    "b": [
      -2.491994009517189,
      -0.3597897362705479,
      0.9066792088676396,
      1.940349812358726,
      2.9414848083152894,
      3.974049513541861,
      5.061375056719044,
      6.219338519960674,
      7.466502468776853,
      8.829169467686539,
      10.34838920040889,
      12.095733698595133,
      14.219902153417557,
      17.162908082988615
    ],
    "val": 1.4630474292393829e-05
  },
  "15": {
    "a": [
      0.28559326170682403,
      0.18111118322795042,
      0.1154048865015429,
      0.08851841271559463,
      0.0732640791553076,
      0.06089838876591701,
      0.0497181481093,
      0.03971048120378435,
      0.03102018969436949,
      0.02368703268986355,
      0.017652068772528853,
      0.012797373713261825,
      0.008979077417734177,
      0.006055146229232342,
      0.003977430154135351
    ],
    "b": [
      -2.521212418633478,
      -0.40437341838119517,
      0.8443726789771459,
      1.8480274727731014,
      2.8072727483172697,
      3.788232366886711,
      4.813956787626659,
      5.897698116455863,
      7.053165791397425,
      8.298428966787474,
      9.65962474735628,
      11.177708387297264,
      12.924181288118078,
      15.047684442288892,
      17.990177634711472
    ],
    "val": 9.44573684923169e-06
  },