{
    "1": {
        "a": [
            0.9616237910491939
        ],
        "b": [
            -1.15597226103275
        ],
        "val": 0.0398803347985856
    },
    "2": {
        "a": [
            0.6347034103261716,
            0.3643910354196502
        ],
        "b": [
            -1.7904960516007349,
            0.03910267377549102
        ],
        "val": 0.0009575061141319046
    },
    "3": {
        "a": [
            0.47869188145596964,
            0.43981190553109206,
            0.08147684639753854
        ],
        "b": [
            -2.15707513696768,
            -0.42108581191259853,
            0.6449525236116749
        ],
        "val": 2.0650885393808912e-05
    },
    "4": {
        "a": [
            0.3852227886792737,
            0.4395180231713394,
            0.16074779302707337,
            0.014510999323935654
        ],
        "b": [
            -2.4213352720319805,
            -0.7175229725188049,
            0.2673766580016349,
            1.0454189428462501
        ],
        "val": 4.2412020383289804e-07
    }
}